{
  "epoch": 27,
  "train_loss": 0.7415872206843933,
  "train_accuracy": 0.9454689282502353,
  "val_loss": null,
  "val_accuracy": 0.7933319873241044,
  "learning_rate": 1e-05,
  "epoch_time": 1038.8480842113495,
  "external_similarity": 0.0,
  "external_accuracy": 0.0,
  "external_f1": 0.0,
  "external_precision": 0.0,
  "external_recall": 0.0,
  "external_auc": 0.0,
  "timestamp": "2025-12-15T02:11:31.783852"
}