{
  "epoch": 21,
  "train_loss": 1.1513770911210615,
  "train_accuracy": 0.9004743399530694,
  "val_loss": null,
  "val_accuracy": 0.7859669759561786,
  "learning_rate": 0.0001,
  "epoch_time": 1039.1633985042572,
  "external_similarity": 0.0,
  "external_accuracy": 0.0,
  "external_f1": 0.0,
  "external_precision": 0.0,
  "external_recall": 0.0,
  "external_auc": 0.0,
  "timestamp": "2025-12-15T00:22:36.980470"
}