{
  "epoch": 10,
  "train_loss": 5.3011651588647215,
  "train_accuracy": 0.41558862870026425,
  "val_loss": null,
  "val_accuracy": 0.4054618713624832,
  "learning_rate": 0.001,
  "epoch_time": 3392.201317548752,
  "external_similarity": 0.0,
  "external_accuracy": 0.0,
  "external_f1": 0.0,
  "external_precision": 0.0,
  "external_recall": 0.0,
  "external_auc": 0.0,
  "timestamp": "2025-12-14T15:35:36.124733"
}