{
  "epoch": 17,
  "train_loss": 1.6223131432736793,
  "train_accuracy": 0.8327106545772952,
  "val_loss": null,
  "val_accuracy": 0.7058911312622348,
  "learning_rate": 0.001,
  "epoch_time": 2479.4908707141876,
  "external_similarity": 0.0,
  "external_accuracy": 0.0,
  "external_f1": 0.0,
  "external_precision": 0.0,
  "external_recall": 0.0,
  "external_auc": 0.0,
  "timestamp": "2025-12-14T22:10:52.644037"
}