{
  "epoch": 22,
  "train_loss": 0.9706926636243953,
  "train_accuracy": 0.9250973473390465,
  "val_loss": null,
  "val_accuracy": 0.7896187575164374,
  "learning_rate": 0.0001,
  "epoch_time": 1038.6837894916534,
  "external_similarity": 0.0,
  "external_accuracy": 0.0,
  "external_f1": 0.0,
  "external_precision": 0.0,
  "external_recall": 0.0,
  "external_auc": 0.0,
  "timestamp": "2025-12-15T00:40:47.744806"
}