{
  "epoch": 29,
  "train_loss": 0.7322124523685317,
  "train_accuracy": 0.9459511592547795,
  "val_loss": null,
  "val_accuracy": 0.7927175048500223,
  "learning_rate": 1e-05,
  "epoch_time": 1035.9993669986725,
  "external_similarity": 0.0,
  "external_accuracy": 0.0,
  "external_f1": 0.0,
  "external_precision": 0.0,
  "external_recall": 0.0,
  "external_auc": 0.0,
  "timestamp": "2025-12-15T02:47:50.089985"
}