{
  "epoch": 19,
  "train_loss": 1.745278793155488,
  "train_accuracy": 0.8170327887841815,
  "val_loss": null,
  "val_accuracy": 0.7102451785071587,
  "learning_rate": 0.001,
  "epoch_time": 2207.303031682968,
  "external_similarity": 0.0,
  "external_accuracy": 0.0,
  "external_f1": 0.0,
  "external_precision": 0.0,
  "external_recall": 0.0,
  "external_auc": 0.0,
  "timestamp": "2025-12-14T23:27:48.551011"
}