{
  "epoch": 7,
  "train_loss": 5.401880021192034,
  "train_accuracy": 0.37942032910550094,
  "val_loss": null,
  "val_accuracy": 0.3465242237769604,
  "learning_rate": 0.01,
  "epoch_time": 3930.124800682068,
  "external_similarity": 0.0,
  "external_accuracy": 0.0,
  "external_f1": 0.0,
  "external_precision": 0.0,
  "external_recall": 0.0,
  "external_auc": 0.0,
  "timestamp": "2025-12-14T12:39:24.104234"
}