{
  "epoch": 12,
  "train_loss": 2.1952866461274176,
  "train_accuracy": 0.7644004407311762,
  "val_loss": null,
  "val_accuracy": 0.7064353871678503,
  "learning_rate": 0.001,
  "epoch_time": 3392.8423779010773,
  "external_similarity": 0.0,
  "external_accuracy": 0.0,
  "external_f1": 0.0,
  "external_precision": 0.0,
  "external_recall": 0.0,
  "external_auc": 0.0,
  "timestamp": "2025-12-14T17:32:56.429912"
}