{
  "epoch": 23,
  "train_loss": 0.8968718938168597,
  "train_accuracy": 0.9331734989233812,
  "val_loss": null,
  "val_accuracy": 0.7917255545704328,
  "learning_rate": 0.0001,
  "epoch_time": 1035.2503323554993,
  "external_similarity": 0.0,
  "external_accuracy": 0.0,
  "external_f1": 0.0,
  "external_precision": 0.0,
  "external_recall": 0.0,
  "external_auc": 0.0,
  "timestamp": "2025-12-15T00:58:55.597780"
}