{
  "epoch": 28,
  "train_loss": 0.736812160483531,
  "train_accuracy": 0.9456335687341745,
  "val_loss": null,
  "val_accuracy": 0.7936743418453787,
  "learning_rate": 1e-05,
  "epoch_time": 1037.3803651332855,
  "external_similarity": 0.0,
  "external_accuracy": 0.0,
  "external_f1": 0.0,
  "external_precision": 0.0,
  "external_recall": 0.0,
  "external_auc": 0.0,
  "timestamp": "2025-12-15T02:29:41.409850"
}