{
  "epoch": 26,
  "train_loss": 0.7473455933127534,
  "train_accuracy": 0.9450003360989854,
  "val_loss": null,
  "val_accuracy": 0.7929194062343636,
  "learning_rate": 1e-05,
  "epoch_time": 1035.0894899368286,
  "external_similarity": 0.0,
  "external_accuracy": 0.0,
  "external_f1": 0.0,
  "external_precision": 0.0,
  "external_recall": 0.0,
  "external_auc": 0.0,
  "timestamp": "2025-12-15T01:53:20.631254"
}