{
  "epoch": 16,
  "train_loss": 1.5164188166966928,
  "train_accuracy": 0.8489340746367772,
  "val_loss": null,
  "val_accuracy": 0.7219379021568335,
  "learning_rate": 0.001,
  "epoch_time": 3396.540999174118,
  "external_similarity": 0.0,
  "external_accuracy": 0.0,
  "external_f1": 0.0,
  "external_precision": 0.0,
  "external_recall": 0.0,
  "external_auc": 0.0,
  "timestamp": "2025-12-14T21:27:55.150110"
}