{
  "epoch": 30,
  "train_loss": 0.7280759965289598,
  "train_accuracy": 0.9461498968818391,
  "val_loss": null,
  "val_accuracy": 0.7934461054978624,
  "learning_rate": 1e-05,
  "epoch_time": 1039.245433807373,
  "external_similarity": 0.0,
  "external_accuracy": 0.0,
  "external_f1": 0.0,
  "external_precision": 0.0,
  "external_recall": 0.0,
  "external_auc": 0.0,
  "timestamp": "2025-12-15T03:06:01.478220"
}