{
  "epoch": 8,
  "train_loss": 5.3565918895431945,
  "train_accuracy": 0.394249663168169,
  "val_loss": null,
  "val_accuracy": 0.387949120851146,
  "learning_rate": 0.01,
  "epoch_time": 3390.5163826942444,
  "external_similarity": 0.0,
  "external_accuracy": 0.0,
  "external_f1": 0.0,
  "external_precision": 0.0,
  "external_recall": 0.0,
  "external_auc": 0.0,
  "timestamp": "2025-12-14T13:38:16.108075"
}