{
  "epoch": 6,
  "train_loss": 5.483105400020682,
  "train_accuracy": 0.35748125387843843,
  "val_loss": null,
  "val_accuracy": 0.32621996716907925,
  "learning_rate": 0.01,
  "epoch_time": 4303.953338861465,
  "external_similarity": 0.0,
  "external_accuracy": 0.0,
  "external_f1": 0.0,
  "external_precision": 0.0,
  "external_recall": 0.0,
  "external_auc": 0.0,
  "timestamp": "2025-12-14T11:31:33.933496"
}