{
  "epoch": 11,
  "train_loss": 2.892126986383181,
  "train_accuracy": 0.6787601110208883,
  "val_loss": null,
  "val_accuracy": 0.6790470254659093,
  "learning_rate": 0.001,
  "epoch_time": 3365.052423477173,
  "external_similarity": 0.0,
  "external_accuracy": 0.0,
  "external_f1": 0.0,
  "external_precision": 0.0,
  "external_recall": 0.0,
  "external_auc": 0.0,
  "timestamp": "2025-12-14T16:34:01.934296"
}