{
  "epoch": 5,
  "train_loss": 5.611198437055502,
  "train_accuracy": 0.3286418913589356,
  "val_loss": null,
  "val_accuracy": 0.30772404469921083,
  "learning_rate": 0.01,
  "epoch_time": 4285.109467983246,
  "external_similarity": 0.0,
  "external_accuracy": 0.0,
  "external_f1": 0.0,
  "external_precision": 0.0,
  "external_recall": 0.0,
  "external_auc": 0.0,
  "timestamp": "2025-12-14T10:16:56.530091"
}