{
  "epoch": 25,
  "train_loss": 0.7979379861282191,
  "train_accuracy": 0.9415993897578393,
  "val_loss": null,
  "val_accuracy": 0.7930247460870634,
  "learning_rate": 1e-05,
  "epoch_time": 1034.9896342754364,
  "external_similarity": 0.0,
  "external_accuracy": 0.0,
  "external_f1": 0.0,
  "external_precision": 0.0,
  "external_recall": 0.0,
  "external_auc": 0.0,
  "timestamp": "2025-12-15T01:35:13.170488"
}