{
  "epoch": 13,
  "train_loss": 1.8680397009232157,
  "train_accuracy": 0.8066847933579713,
  "val_loss": null,
  "val_accuracy": 0.7253790040116928,
  "learning_rate": 0.001,
  "epoch_time": 3369.936378479004,
  "external_similarity": 0.0,
  "external_accuracy": 0.0,
  "external_f1": 0.0,
  "external_precision": 0.0,
  "external_recall": 0.0,
  "external_auc": 0.0,
  "timestamp": "2025-12-14T18:31:27.280541"
}