{
  "epoch": 18,
  "train_loss": 1.7051656785868934,
  "train_accuracy": 0.8214254748520041,
  "val_loss": null,
  "val_accuracy": 0.7008260400115874,
  "learning_rate": 0.001,
  "epoch_time": 2211.622211456299,
  "external_similarity": 0.0,
  "external_accuracy": 0.0,
  "external_f1": 0.0,
  "external_precision": 0.0,
  "external_recall": 0.0,
  "external_auc": 0.0,
  "timestamp": "2025-12-14T22:49:22.965963"
}