{
  "epoch": 20,
  "train_loss": 1.767909955036499,
  "train_accuracy": 0.8159338866154697,
  "val_loss": null,
  "val_accuracy": 0.7046797229561874,
  "learning_rate": 0.0001,
  "epoch_time": 2144.5268456935883,
  "external_similarity": 0.0,
  "external_accuracy": 0.0,
  "external_f1": 0.0,
  "external_precision": 0.0,
  "external_recall": 0.0,
  "external_auc": 0.0,
  "timestamp": "2025-12-15T00:04:25.524894"
}