{
  "epoch": 15,
  "train_loss": 1.5273995806095677,
  "train_accuracy": 0.8499112012998653,
  "val_loss": null,
  "val_accuracy": 0.7308917896363142,
  "learning_rate": 0.001,
  "epoch_time": 3369.027238368988,
  "external_similarity": 0.0,
  "external_accuracy": 0.0,
  "external_f1": 0.0,
  "external_precision": 0.0,
  "external_recall": 0.0,
  "external_auc": 0.0,
  "timestamp": "2025-12-14T20:28:57.833074"
}