{
  "epoch": 9,
  "train_loss": 5.320314581326914,
  "train_accuracy": 0.40635414850137436,
  "val_loss": null,
  "val_accuracy": 0.3656082937577359,
  "learning_rate": 0.01,
  "epoch_time": 3365.4486215114594,
  "external_similarity": 0.0,
  "external_accuracy": 0.0,
  "external_f1": 0.0,
  "external_precision": 0.0,
  "external_recall": 0.0,
  "external_auc": 0.0,
  "timestamp": "2025-12-14T14:36:42.376841"
}