{
  "epoch": 4,
  "train_loss": 5.816703370784241,
  "train_accuracy": 0.28951103724460925,
  "val_loss": null,
  "val_accuracy": 0.2595661753732981,
  "learning_rate": 0.01,
  "epoch_time": 4311.024196147919,
  "external_similarity": 0.0,
  "external_accuracy": 0.0,
  "external_f1": 0.0,
  "external_precision": 0.0,
  "external_recall": 0.0,
  "external_auc": 0.0,
  "timestamp": "2025-12-14T09:02:38.131347"
}