{
  "epoch": 14,
  "train_loss": 1.6514808359249933,
  "train_accuracy": 0.8347438184330094,
  "val_loss": null,
  "val_accuracy": 0.7335516209169834,
  "learning_rate": 0.001,
  "epoch_time": 3398.2393221855164,
  "external_similarity": 0.0,
  "external_accuracy": 0.0,
  "external_f1": 0.0,
  "external_precision": 0.0,
  "external_recall": 0.0,
  "external_auc": 0.0,
  "timestamp": "2025-12-14T19:30:27.608585"
}