{
  "epoch": 3,
  "train_loss": 6.154908845386465,
  "train_accuracy": 0.233603415169563,
  "val_loss": null,
  "val_accuracy": 0.23320487723518,
  "learning_rate": 0.01,
  "epoch_time": 4279.015918493271,
  "external_similarity": 0.0,
  "external_accuracy": 0.0,
  "external_f1": 0.0,
  "external_precision": 0.0,
  "external_recall": 0.0,
  "external_auc": 0.0,
  "timestamp": "2025-12-14T07:47:53.093861"
}