{
  "train_loss": [
    11.040857725912268,
    6.917414115308743,
    6.154908845386465,
    5.816703370784241,
    5.611198437055502,
    5.483105400020682,
    5.401880021192034,
    5.3565918895431945,
    5.320314581326914,
    5.3011651588647215,
    2.892126986383181,
    2.1952866461274176,
    1.8680397009232157,
    1.6514808359249933,
    1.5273995806095677,
    1.5164188166966928,
    1.6223131432736793,
    1.7051656785868934,
    1.745278793155488,
    1.767909955036499,
    1.1513770911210615,
    0.9706926636243953,
    0.8968718938168597,
    0.8430693755965588,
    0.7979379861282191,
    0.7473455933127534,
    0.7415872206843933,
    0.736812160483531,
    0.7322124523685317,
    0.7280759965289598
  ],
  "train_accuracy": [
    0.03106054775570954,
    0.1461617821695324,
    0.233603415169563,
    0.28951103724460925,
    0.3286418913589356,
    0.35748125387843843,
    0.37942032910550094,
    0.394249663168169,
    0.40635414850137436,
    0.41558862870026425,
    0.6787601110208883,
    0.7644004407311762,
    0.8066847933579713,
    0.8347438184330094,
    0.8499112012998653,
    0.8489340746367772,
    0.8327106545772952,
    0.8214254748520041,
    0.8170327887841815,
    0.8159338866154697,
    0.9004743399530694,
    0.9250973473390465,
    0.9331734989233812,
    0.9379246920770424,
    0.9415993897578393,
    0.9450003360989854,
    0.9454689282502353,
    0.9456335687341745,
    0.9459511592547795,
    0.9461498968818391
  ],
  "val_loss": [],
  "val_accuracy": [
    0.07942624893562857,
    0.16978150758885854,
    0.23320487723518,
    0.2595661753732981,
    0.30772404469921083,
    0.32621996716907925,
    0.3465242237769604,
    0.387949120851146,
    0.3656082937577359,
    0.4054618713624832,
    0.6790470254659093,
    0.7064353871678503,
    0.7253790040116928,
    0.7335516209169834,
    0.7308917896363142,
    0.7219379021568335,
    0.7058911312622348,
    0.7008260400115874,
    0.7102451785071587,
    0.7046797229561874,
    0.7859669759561786,
    0.7896187575164374,
    0.7917255545704328,
    0.7931300859397632,
    0.7930247460870634,
    0.7929194062343636,
    0.7933319873241044,
    0.7936743418453787,
    0.7927175048500223,
    0.7934461054978624
  ],
  "external_similarity": [
    0.0,
    0.0,
    0.0,
    0.0,
    0.0,
    0.0,
    0.0,
    0.0,
    0.0,
    0.0,
    0.0,
    0.0,
    0.0,
    0.0,
    0.0,
    0.0,
    0.0,
    0.0,
    0.0,
    0.0,
    0.0,
    0.0,
    0.0,
    0.0,
    0.0,
    0.0,
    0.0,
    0.0,
    0.0,
    0.0
  ],
  "external_accuracy": [
    0.0,
    0.0,
    0.0,
    0.0,
    0.0,
    0.0,
    0.0,
    0.0,
    0.0,
    0.0,
    0.0,
    0.0,
    0.0,
    0.0,
    0.0,
    0.0,
    0.0,
    0.0,
    0.0,
    0.0,
    0.0,
    0.0,
    0.0,
    0.0,
    0.0,
    0.0,
    0.0,
    0.0,
    0.0,
    0.0
  ],
  "external_f1": [
    0.0,
    0.0,
    0.0,
    0.0,
    0.0,
    0.0,
    0.0,
    0.0,
    0.0,
    0.0,
    0.0,
    0.0,
    0.0,
    0.0,
    0.0,
    0.0,
    0.0,
    0.0,
    0.0,
    0.0,
    0.0,
    0.0,
    0.0,
    0.0,
    0.0,
    0.0,
    0.0,
    0.0,
    0.0,
    0.0
  ],
  "external_precision": [
    0.0,
    0.0,
    0.0,
    0.0,
    0.0,
    0.0,
    0.0,
    0.0,
    0.0,
    0.0,
    0.0,
    0.0,
    0.0,
    0.0,
    0.0,
    0.0,
    0.0,
    0.0,
    0.0,
    0.0,
    0.0,
    0.0,
    0.0,
    0.0,
    0.0,
    0.0,
    0.0,
    0.0,
    0.0,
    0.0
  ],
  "external_recall": [
    0.0,
    0.0,
    0.0,
    0.0,
    0.0,
    0.0,
    0.0,
    0.0,
    0.0,
    0.0,
    0.0,
    0.0,
    0.0,
    0.0,
    0.0,
    0.0,
    0.0,
    0.0,
    0.0,
    0.0,
    0.0,
    0.0,
    0.0,
    0.0,
    0.0,
    0.0,
    0.0,
    0.0,
    0.0,
    0.0
  ],
  "external_auc": [
    0.0,
    0.0,
    0.0,
    0.0,
    0.0,
    0.0,
    0.0,
    0.0,
    0.0,
    0.0,
    0.0,
    0.0,
    0.0,
    0.0,
    0.0,
    0.0,
    0.0,
    0.0,
    0.0,
    0.0,
    0.0,
    0.0,
    0.0,
    0.0,
    0.0,
    0.0,
    0.0,
    0.0,
    0.0,
    0.0
  ],
  "external_best_threshold": [
    0.35,
    0.35,
    0.35,
    0.35,
    0.35,
    0.35,
    0.35,
    0.35,
    0.35,
    0.35,
    0.35,
    0.35,
    0.35,
    0.35,
    0.35,
    0.35,
    0.35,
    0.35,
    0.35,
    0.35,
    0.35,
    0.35,
    0.35,
    0.35,
    0.35,
    0.35,
    0.35,
    0.35,
    0.35,
    0.35
  ],
  "confusion_matrices": [],
  "learning_rate": [
    0.01,
    0.01,
    0.01,
    0.01,
    0.01,
    0.01,
    0.01,
    0.01,
    0.01,
    0.001,
    0.001,
    0.001,
    0.001,
    0.001,
    0.001,
    0.001,
    0.001,
    0.001,
    0.001,
    0.0001,
    0.0001,
    0.0001,
    0.0001,
    0.0001,
    1e-05,
    1e-05,
    1e-05,
    1e-05,
    1e-05,
    1e-05
  ],
  "face_validation_enabled": false,
  "face_validation_policy": null,
  "face_validation_total_pairs": [],
  "face_validation_valid_pairs": [],
  "face_validation_excluded_pairs": [],
  "face_validation_exclusion_rate": [],
  "epochs": [
    1,
    2,
    3,
    4,
    5,
    6,
    7,
    8,
    9,
    10,
    11,
    12,
    13,
    14,
    15,
    16,
    17,
    18,
    19,
    20,
    21,
    22,
    23,
    24,
    25,
    26,
    27,
    28,
    29,
    30
  ],
  "epoch_times": [
    4014.733283996582,
    4294.69242143631,
    4279.015918493271,
    4311.024196147919,
    4285.109467983246,
    4303.953338861465,
    3930.124800682068,
    3390.5163826942444,
    3365.4486215114594,
    3392.201317548752,
    3365.052423477173,
    3392.8423779010773,
    3369.936378479004,
    3398.2393221855164,
    3369.027238368988,
    3396.540999174118,
    2479.4908707141876,
    2211.622211456299,
    2207.303031682968,
    2144.5268456935883,
    1039.1633985042572,
    1038.6837894916534,
    1035.2503323554993,
    1038.9941947460175,
    1034.9896342754364,
    1035.0894899368286,
    1038.8480842113495,
    1037.3803651332855,
    1035.9993669986725,
    1039.245433807373
  ]
}